year,state,state_po,state_fips,state_cen,state_ic,office,candidate,party_detailed,writein,candidatevotes,totalvotes,version,notes,party_simplified
2004,ALABAMA,AL,1,63,41,US PRESIDENT,"BUSH, GEORGE W.",REPUBLICAN,FALSE,1176394,1883415,20210113,NA,REPUBLICAN
2004,ALABAMA,AL,1,63,41,US PRESIDENT,"KERRY, JOHN",DEMOCRAT,FALSE,693933,1883415,20210113,NA,DEMOCRAT
2004,ALABAMA,AL,1,63,41,US PRESIDENT,OTHER,INDEPENDENT,FALSE,12190,1883415,20210113,NA,OTHER
2004,ALABAMA,AL,1,63,41,US PRESIDENT,OTHER,,TRUE,898,1883415,20210113,NA,OTHER
2004,ALASKA,AK,2,94,81,US PRESIDENT,"BUSH, GEORGE W.",REPUBLICAN,FALSE,190889,312598,20210113,NA,REPUBLICAN
2004,ALASKA,AK,2,94,81,US PRESIDENT,"KERRY, JOHN",DEMOCRAT,FALSE,111025,312598,20210113,NA,DEMOCRAT
2004,ALASKA,AK,2,94,81,US PRESIDENT,"NADER, RALPH",POPULIST,FALSE,5069,312598,20210113,NA,OTHER
2004,ALASKA,AK,2,94,81,US PRESIDENT,"PEROUTKA, MICHAEL",ALASKAN INDEPENDENCE PARTY,FALSE,2092,312598,20210113,NA,OTHER
2004,ALASKA,AK,2,94,81,US PRESIDENT,"BADNARIK, MICHAEL",LIBERTARIAN,FALSE,1675,312598,20210113,NA,LIBERTARIAN
2004,ALASKA,AK,2,94,81,US PRESIDENT,"COBB, DAVID",GREEN,FALSE,1058,312598,20210113,NA,OTHER
2004,ALASKA,AK,2,94,81,US PRESIDENT,OTHER,,TRUE,790,312598,20210113,NA,OTHER
2004,ARIZONA,AZ,4,86,61,US PRESIDENT,"BUSH, GEORGE W.",REPUBLICAN,FALSE,1104294,2012585,20210113,NA,REPUBLICAN
2004,ARIZONA,AZ,4,86,61,US PRESIDENT,"KERRY, JOHN",DEMOCRAT,FALSE,893524,2012585,20210113,NA,DEMOCRAT
2004,ARIZONA,AZ,4,86,61,US PRESIDENT,"BADNARIK, MICHAEL",LIBERTARIAN,FALSE,11856,2012585,20210113,NA,LIBERTARIAN
2004,ARIZONA,AZ,4,86,61,US PRESIDENT,OTHER,,TRUE,2911,2012585,20210113,NA,OTHER
2004,ARKANSAS,AR,5,71,42,US PRESIDENT,"BUSH, GEORGE W.",REPUBLICAN,FALSE,572898,1054945,20210113,NA,REPUBLICAN
2004,ARKANSAS,AR,5,71,42,US PRESIDENT,"KERRY, JOHN",DEMOCRAT,FALSE,469953,1054945,20210113,NA,DEMOCRAT
2004,ARKANSAS,AR,5,71,42,US PRESIDENT,"NADER, RALPH",POPULIST,FALSE,6171,1054945,20210113,NA,OTHER
2004,ARKANSAS,AR,5,71,42,US PRESIDENT,"BADNARIK, MICHAEL",LIBERTARIAN,FALSE,2352,1054945,20210113,NA,LIBERTARIAN
2004,ARKANSAS,AR,5,71,42,US PRESIDENT,"PEROUTKA, MICHAEL",CONSTITUTION PARTY,FALSE,2083,1054945,20210113,NA,OTHER
2004,ARKANSAS,AR,5,71,42,US PRESIDENT,"COBB, DAVID",GREEN,FALSE,1488,1054945,20210113,NA,OTHER
2004,CALIFORNIA,CA,6,93,71,US PRESIDENT,"KERRY, JOHN",DEMOCRAT,FALSE,6745485,12421353,20210113,NA,DEMOCRAT
2004,CALIFORNIA,CA,6,93,71,US PRESIDENT,"BUSH, GEORGE W.",REPUBLICAN,FALSE,5509826,12421353,20210113,NA,REPUBLICAN
2004,CALIFORNIA,CA,6,93,71,US PRESIDENT,"BADNARIK, MICHAEL",LIBERTARIAN,FALSE,50165,12421353,20210113,NA,LIBERTARIAN
2004,CALIFORNIA,CA,6,93,71,US PRESIDENT,"COBB, DAVID",GREEN,FALSE,40771,12421353,20210113,NA,OTHER
2004,CALIFORNIA,CA,6,93,71,US PRESIDENT,"PELTIER, LEONARD",PEACE & FREEDOM,FALSE,27607,12421353,20210113,NA,OTHER
2004,CALIFORNIA,CA,6,93,71,US PRESIDENT,"PEROUTKA, MICHAEL",AMERICAN INDEPENDENT PARTY,FALSE,26645,12421353,20210113,NA,OTHER
2004,CALIFORNIA,CA,6,93,71,US PRESIDENT,OTHER,,TRUE,20854,12421353,20210113,NA,OTHER
2004,COLORADO,CO,8,84,62,US PRESIDENT,"BUSH, GEORGE W.",REPUBLICAN,FALSE,1101255,2129630,20210113,NA,REPUBLICAN
2004,COLORADO,CO,8,84,62,US PRESIDENT,"KERRY, JOHN",DEMOCRAT,FALSE,1001732,2129630,20210113,NA,DEMOCRAT
2004,COLORADO,CO,8,84,62,US PRESIDENT,"NADER, RALPH",REFORM PARTY,FALSE,12718,2129630,20210113,NA,OTHER
2004,COLORADO,CO,8,84,62,US PRESIDENT,"BADNARIK, MICHAEL",LIBERTARIAN,FALSE,7664,2129630,20210113,NA,LIBERTARIAN
2004,COLORADO,CO,8,84,62,US PRESIDENT,"PEROUTKA, MICHAEL",AMERICAN CONSTITUTION PARTY,FALSE,2562,2129630,20210113,NA,OTHER
2004,COLORADO,CO,8,84,62,US PRESIDENT,"COBB, DAVID",GREEN,FALSE,1591,2129630,20210113,NA,OTHER
2004,COLORADO,CO,8,84,62,US PRESIDENT,"ANDRESS, STANFORD",UNAFFILIATED,FALSE,804,2129630,20210113,NA,OTHER
2004,COLORADO,CO,8,84,62,US PRESIDENT,"AMONDSON, GENE",CONCERNS OF PEOPLE,FALSE,378,2129630,20210113,NA,OTHER
2004,COLORADO,CO,8,84,62,US PRESIDENT,"VAN AUKEN, BILL",SOCIALIST EQUALITY PARTY,FALSE,329,2129630,20210113,NA,OTHER
2004,COLORADO,CO,8,84,62,US PRESIDENT,"CALERO, ROGER",SOCIALIST WORKERS,FALSE,241,2129630,20210113,NA,OTHER
2004,COLORADO,CO,8,84,62,US PRESIDENT,"BROWN, WALT",SOCIALIST,FALSE,216,2129630,20210113,NA,OTHER
2004,COLORADO,CO,8,84,62,US PRESIDENT,"DODGE, EARL",PROHIBITION,FALSE,140,2129630,20210113,NA,OTHER
2004,CONNECTICUT,CT,9,16,1,US PRESIDENT,"KERRY, JOHN",DEMOCRAT,FALSE,857488,1578769,20210113,NA,DEMOCRAT
2004,CONNECTICUT,CT,9,16,1,US PRESIDENT,"BUSH, GEORGE W.",REPUBLICAN,FALSE,693826,1578769,20210113,NA,REPUBLICAN
2004,CONNECTICUT,CT,9,16,1,US PRESIDENT,"NADER, RALPH",PETITIONING CANDIDATE,FALSE,12969,1578769,20210113,NA,OTHER
2004,CONNECTICUT,CT,9,16,1,US PRESIDENT,"COBB, DAVID",GREEN,FALSE,9564,1578769,20210113,NA,OTHER
2004,CONNECTICUT,CT,9,16,1,US PRESIDENT,"BADNARIK, MICHAEL",LIBERTARIAN,FALSE,3367,1578769,20210113,NA,LIBERTARIAN
2004,CONNECTICUT,CT,9,16,1,US PRESIDENT,"PEROUTKA, MICHAEL",CONCERNED CITIZENS,FALSE,1543,1578769,20210113,NA,OTHER
2004,CONNECTICUT,CT,9,16,1,US PRESIDENT,"CALERO, ROGER",SOCIALIST WORKERS,TRUE,12,1578769,20210113,NA,OTHER
2004,DELAWARE,DE,10,51,11,US PRESIDENT,"KERRY, JOHN",DEMOCRAT,FALSE,200152,375190,20210113,NA,DEMOCRAT
2004,DELAWARE,DE,10,51,11,US PRESIDENT,"BUSH, GEORGE W.",REPUBLICAN,FALSE,171660,375190,20210113,NA,REPUBLICAN
2004,DELAWARE,DE,10,51,11,US PRESIDENT,"NADER, RALPH",INDEPENDENT,FALSE,2153,375190,20210113,NA,OTHER
2004,DELAWARE,DE,10,51,11,US PRESIDENT,"BADNARIK, MICHAEL",LIBERTARIAN,FALSE,586,375190,20210113,NA,LIBERTARIAN
2004,DELAWARE,DE,10,51,11,US PRESIDENT,"PEROUTKA, MICHAEL",CONSTITUTION PARTY,FALSE,289,375190,20210113,NA,OTHER
2004,DELAWARE,DE,10,51,11,US PRESIDENT,"COBB, DAVID",GREEN,FALSE,250,375190,20210113,NA,OTHER
2004,DELAWARE,DE,10,51,11,US PRESIDENT,"BROWN, WALT",NATURAL LAW,FALSE,100,375190,20210113,NA,OTHER
2004,DISTRICT OF COLUMBIA,DC,11,53,55,US PRESIDENT,"KERRY, JOHN",DEMOCRAT,FALSE,202970,227586,20210113,NA,DEMOCRAT
2004,DISTRICT OF COLUMBIA,DC,11,53,55,US PRESIDENT,"BUSH, GEORGE W.",REPUBLICAN,FALSE,21256,227586,20210113,NA,REPUBLICAN
2004,DISTRICT OF COLUMBIA,DC,11,53,55,US PRESIDENT,"NADER, RALPH",INDEPENDENT,FALSE,1485,227586,20210113,NA,OTHER
2004,DISTRICT OF COLUMBIA,DC,11,53,55,US PRESIDENT,"COBB, DAVID",D.C. STATEHOOD GREEN,FALSE,737,227586,20210113,NA,OTHER
2004,DISTRICT OF COLUMBIA,DC,11,53,55,US PRESIDENT,OTHERS,,TRUE,506,227586,20210113,NA,OTHER
2004,DISTRICT OF COLUMBIA,DC,11,53,55,US PRESIDENT,"BADNARIK, MICHAEL",LIBERTARIAN,FALSE,502,227586,20210113,NA,LIBERTARIAN
2004,DISTRICT OF COLUMBIA,DC,11,53,55,US PRESIDENT,"CALERO, ROGER",SOCIALIST WORKERS,FALSE,130,227586,20210113,NA,OTHER
2004,FLORIDA,FL,12,59,43,US PRESIDENT,"BUSH, GEORGE W.",REPUBLICAN,FALSE,3964522,7609810,20210113,NA,REPUBLICAN
2004,FLORIDA,FL,12,59,43,US PRESIDENT,"KERRY, JOHN",DEMOCRAT,FALSE,3583544,7609810,20210113,NA,DEMOCRAT
2004,FLORIDA,FL,12,59,43,US PRESIDENT,"NADER, RALPH",REFORM PARTY,FALSE,32971,7609810,20210113,NA,OTHER
2004,FLORIDA,FL,12,59,43,US PRESIDENT,"BADNARIK, MICHAEL",LIBERTARIAN,FALSE,11996,7609810,20210113,NA,LIBERTARIAN
2004,FLORIDA,FL,12,59,43,US PRESIDENT,"PEROUTKA, MICHAEL",CONSTITUTION PARTY OF FLORIDA,FALSE,6626,7609810,20210113,NA,OTHER
2004,FLORIDA,FL,12,59,43,US PRESIDENT,"COBB, DAVID",GREEN,FALSE,3917,7609810,20210113,NA,OTHER
2004,FLORIDA,FL,12,59,43,US PRESIDENT,"BROWN, WALT",SOCIALIST PARTY OF FLORIDA,FALSE,3502,7609810,20210113,NA,OTHER
2004,FLORIDA,FL,12,59,43,US PRESIDENT,"CALERO, ROGER",SOCIALIST WORKERS,FALSE,2732,7609810,20210113,NA,OTHER
2004,GEORGIA,GA,13,58,44,US PRESIDENT,"BUSH, GEORGE W.",REPUBLICAN,FALSE,1914254,3301875,20210113,NA,REPUBLICAN
2004,GEORGIA,GA,13,58,44,US PRESIDENT,"KERRY, JOHN",DEMOCRAT,FALSE,1366149,3301875,20210113,NA,DEMOCRAT
2004,GEORGIA,GA,13,58,44,US PRESIDENT,"BADNARIK, MICHAEL",LIBERTARIAN,FALSE,18387,3301875,20210113,NA,LIBERTARIAN
2004,GEORGIA,GA,13,58,44,US PRESIDENT,OTHER,,TRUE,3085,3301875,20210113,NA,OTHER
2004,HAWAII,HI,15,95,82,US PRESIDENT,"KERRY, JOHN",DEMOCRAT,FALSE,231708,429013,20210113,NA,DEMOCRAT
2004,HAWAII,HI,15,95,82,US PRESIDENT,"BUSH, GEORGE W.",REPUBLICAN,FALSE,194191,429013,20210113,NA,REPUBLICAN
2004,HAWAII,HI,15,95,82,US PRESIDENT,"COBB, DAVID",GREEN,FALSE,1737,429013,20210113,NA,OTHER
2004,HAWAII,HI,15,95,82,US PRESIDENT,"BADNARIK, MICHAEL",LIBERTARIAN,FALSE,1377,429013,20210113,NA,LIBERTARIAN
2004,IDAHO,ID,16,82,63,US PRESIDENT,"BUSH, GEORGE W.",REPUBLICAN,FALSE,409235,598376,20210113,NA,REPUBLICAN
2004,IDAHO,ID,16,82,63,US PRESIDENT,"KERRY, JOHN",DEMOCRAT,FALSE,181098,598376,20210113,NA,DEMOCRAT
2004,IDAHO,ID,16,82,63,US PRESIDENT,"BADNARIK, MICHAEL",LIBERTARIAN,FALSE,3844,598376,20210113,NA,LIBERTARIAN
2004,IDAHO,ID,16,82,63,US PRESIDENT,"PEROUTKA, MICHAEL",CONSTITUTION PARTY,FALSE,3084,598376,20210113,NA,OTHER
2004,IDAHO,ID,16,82,63,US PRESIDENT,"NADER, RALPH",INDEPENDENT,FALSE,1115,598376,20210113,NA,OTHER
2004,ILLINOIS,IL,17,33,21,US PRESIDENT,"KERRY, JOHN",DEMOCRAT,FALSE,2891550,5274322,20210113,NA,DEMOCRAT
2004,ILLINOIS,IL,17,33,21,US PRESIDENT,"BUSH, GEORGE W.",REPUBLICAN,FALSE,2345946,5274322,20210113,NA,REPUBLICAN
2004,ILLINOIS,IL,17,33,21,US PRESIDENT,"BADNARIK, MICHAEL",LIBERTARIAN,FALSE,32442,5274322,20210113,NA,LIBERTARIAN
2004,ILLINOIS,IL,17,33,21,US PRESIDENT,OTHER,,TRUE,4384,5274322,20210113,NA,OTHER
2004,INDIANA,IN,18,32,22,US PRESIDENT,"BUSH, GEORGE W.",REPUBLICAN,FALSE,1479438,2468002,20210113,NA,REPUBLICAN
2004,INDIANA,IN,18,32,22,US PRESIDENT,"KERRY, JOHN",DEMOCRAT,FALSE,969011,2468002,20210113,NA,DEMOCRAT
2004,INDIANA,IN,18,32,22,US PRESIDENT,"BADNARIK, MICHAEL",LIBERTARIAN,FALSE,18058,2468002,20210113,NA,LIBERTARIAN
2004,INDIANA,IN,18,32,22,US PRESIDENT,OTHER,,TRUE,1495,2468002,20210113,NA,OTHER
2004,IOWA,IA,19,42,31,US PRESIDENT,"BUSH, GEORGE W.",REPUBLICAN,FALSE,751957,1506908,20210113,NA,REPUBLICAN
2004,IOWA,IA,19,42,31,US PRESIDENT,"KERRY, JOHN",DEMOCRAT,FALSE,741898,1506908,20210113,NA,DEMOCRAT
2004,IOWA,IA,19,42,31,US PRESIDENT,OTHER,,FALSE,6149,1506908,20210113,NA,OTHER
2004,IOWA,IA,19,42,31,US PRESIDENT,"BADNARIK, MICHAEL",LIBERTARIAN,FALSE,2992,1506908,20210113,NA,LIBERTARIAN
2004,IOWA,IA,19,42,31,US PRESIDENT,"PEROUTKA, MICHAEL",CONSTITUTION PARTY,FALSE,1304,1506908,20210113,NA,OTHER
2004,IOWA,IA,19,42,31,US PRESIDENT,"COBB, DAVID",GREEN,FALSE,1141,1506908,20210113,NA,OTHER
2004,IOWA,IA,19,42,31,US PRESIDENT,OTHER,,TRUE,1094,1506908,20210113,NA,OTHER
2004,IOWA,IA,19,42,31,US PRESIDENT,"CALERO, ROGER",SOCIALIST WORKERS,FALSE,373,1506908,20210113,NA,OTHER
2004,KANSAS,KS,20,47,32,US PRESIDENT,"BUSH, GEORGE W.",REPUBLICAN,FALSE,736456,1187756,20210113,NA,REPUBLICAN
2004,KANSAS,KS,20,47,32,US PRESIDENT,"KERRY, JOHN",DEMOCRAT,FALSE,434993,1187756,20210113,NA,DEMOCRAT
2004,KANSAS,KS,20,47,32,US PRESIDENT,"NADER, RALPH",REFORM PARTY,FALSE,9348,1187756,20210113,NA,OTHER
2004,KANSAS,KS,20,47,32,US PRESIDENT,"BADNARIK, MICHAEL",LIBERTARIAN,FALSE,4013,1187756,20210113,NA,LIBERTARIAN
2004,KANSAS,KS,20,47,32,US PRESIDENT,"PEROUTKA, MICHAEL",INDEPENDENT,FALSE,2899,1187756,20210113,NA,OTHER
2004,KANSAS,KS,20,47,32,US PRESIDENT,OTHER,,TRUE,47,1187756,20210113,NA,OTHER
2004,KENTUCKY,KY,21,61,51,US PRESIDENT,"BUSH, GEORGE W.",REPUBLICAN,FALSE,1069439,1795882,20210113,NA,REPUBLICAN
2004,KENTUCKY,KY,21,61,51,US PRESIDENT,"KERRY, JOHN",DEMOCRAT,FALSE,712733,1795882,20210113,NA,DEMOCRAT
2004,KENTUCKY,KY,21,61,51,US PRESIDENT,"NADER, RALPH",INDEPENDENT,FALSE,8856,1795882,20210113,NA,OTHER
2004,KENTUCKY,KY,21,61,51,US PRESIDENT,"BADNARIK, MICHAEL",LIBERTARIAN,FALSE,2619,1795882,20210113,NA,LIBERTARIAN
2004,KENTUCKY,KY,21,61,51,US PRESIDENT,"PEROUTKA, MICHAEL",CONSTITUTION PARTY,FALSE,2213,1795882,20210113,NA,OTHER
2004,KENTUCKY,KY,21,61,51,US PRESIDENT,OTHER,,TRUE,22,1795882,20210113,NA,OTHER
2004,LOUISIANA,LA,22,72,45,US PRESIDENT,"BUSH, GEORGE W.",REPUBLICAN,FALSE,1102169,1943106,20210113,NA,REPUBLICAN
2004,LOUISIANA,LA,22,72,45,US PRESIDENT,"KERRY, JOHN",DEMOCRAT,FALSE,820299,1943106,20210113,NA,DEMOCRAT
2004,LOUISIANA,LA,22,72,45,US PRESIDENT,"NADER, RALPH",INDEPENDENT,FALSE,7032,1943106,20210113,NA,OTHER
2004,LOUISIANA,LA,22,72,45,US PRESIDENT,"PEROUTKA, MICHAEL",CONSTITUTION PARTY,FALSE,5203,1943106,20210113,NA,OTHER
2004,LOUISIANA,LA,22,72,45,US PRESIDENT,"BADNARIK, MICHAEL",LIBERTARIAN,FALSE,2781,1943106,20210113,NA,LIBERTARIAN
2004,LOUISIANA,LA,22,72,45,US PRESIDENT,"BROWN, WALT",PROTECTING WORKING FAMILIES,FALSE,1795,1943106,20210113,NA,OTHER
2004,LOUISIANA,LA,22,72,45,US PRESIDENT,"AMONDSON, GENE",PROHIBITION,FALSE,1566,1943106,20210113,NA,OTHER
2004,LOUISIANA,LA,22,72,45,US PRESIDENT,"COBB, DAVID",GREEN,FALSE,1276,1943106,20210113,NA,OTHER
2004,LOUISIANA,LA,22,72,45,US PRESIDENT,"CALERO, ROGER",SOCIALIST,FALSE,985,1943106,20210113,NA,OTHER
2004,MAINE,ME,23,11,2,US PRESIDENT,"KERRY, JOHN",DEMOCRAT,FALSE,396842,740752,20210113,NA,DEMOCRAT
2004,MAINE,ME,23,11,2,US PRESIDENT,"BUSH, GEORGE W.",REPUBLICAN,FALSE,330201,740752,20210113,NA,REPUBLICAN
2004,MAINE,ME,23,11,2,US PRESIDENT,"THE BETTER LIFE,",INDEPENDENT,FALSE,8069,740752,20210113,NA,OTHER
2004,MAINE,ME,23,11,2,US PRESIDENT,"COBB, DAVID",GREEN,FALSE,2936,740752,20210113,NA,OTHER
2004,MAINE,ME,23,11,2,US PRESIDENT,"BADNARIK, MICHAEL",LIBERTARIAN,FALSE,1965,740752,20210113,NA,LIBERTARIAN
2004,MAINE,ME,23,11,2,US PRESIDENT,"PEROUTKA, MICHAEL",CONSTITUTION PARTY,FALSE,735,740752,20210113,NA,OTHER
2004,MAINE,ME,23,11,2,US PRESIDENT,BLANK VOTE/SCATTERING,,FALSE,4,740752,20210113,NA,OTHER
2004,MARYLAND,MD,24,52,52,US PRESIDENT,"KERRY, JOHN",DEMOCRAT,FALSE,1334493,2384238,20210113,NA,DEMOCRAT
2004,MARYLAND,MD,24,52,52,US PRESIDENT,"BUSH, GEORGE W.",REPUBLICAN,FALSE,1024703,2384238,20210113,NA,REPUBLICAN
2004,MARYLAND,MD,24,52,52,US PRESIDENT,"NADER, RALPH",POPULIST,FALSE,11854,2384238,20210113,NA,OTHER
2004,MARYLAND,MD,24,52,52,US PRESIDENT,"BADNARIK, MICHAEL",LIBERTARIAN,FALSE,6094,2384238,20210113,NA,LIBERTARIAN
2004,MARYLAND,MD,24,52,52,US PRESIDENT,"COBB, DAVID",GREEN,FALSE,3632,2384238,20210113,NA,OTHER
2004,MARYLAND,MD,24,52,52,US PRESIDENT,"PEROUTKA, MICHAEL",CONSTITUTION PARTY,FALSE,3421,2384238,20210113,NA,OTHER
2004,MARYLAND,MD,24,52,52,US PRESIDENT,OTHER,UNAFFILIATED,TRUE,34,2384238,20210113,NA,OTHER
2004,MARYLAND,MD,24,52,52,US PRESIDENT,OTHER,DEMOCRAT,TRUE,7,2384238,20210113,NA,DEMOCRAT
2004,MASSACHUSETTS,MA,25,14,3,US PRESIDENT,"KERRY, JOHN",DEMOCRAT,FALSE,1803800,2927455,20210113,NA,DEMOCRAT
2004,MASSACHUSETTS,MA,25,14,3,US PRESIDENT,"BUSH, GEORGE W.",REPUBLICAN,FALSE,1071109,2927455,20210113,NA,REPUBLICAN
2004,MASSACHUSETTS,MA,25,14,3,US PRESIDENT,BLANK VOTE/SCATTERING,,FALSE,15067,2927455,20210113,NA,OTHER
2004,MASSACHUSETTS,MA,25,14,3,US PRESIDENT,"BADNARIK, MICHAEL",LIBERTARIAN,FALSE,15022,2927455,20210113,NA,LIBERTARIAN
2004,MASSACHUSETTS,MA,25,14,3,US PRESIDENT,"COBB, DAVID",GREEN-RAINBOW,FALSE,10623,2927455,20210113,NA,OTHER
2004,MASSACHUSETTS,MA,25,14,3,US PRESIDENT,OTHER,,FALSE,7028,2927455,20210113,NA,OTHER
2004,MASSACHUSETTS,MA,25,14,3,US PRESIDENT,"NADER, RALPH",INDEPENDENT,TRUE,4806,2927455,20210113,NA,OTHER
2004,MICHIGAN,MI,26,34,23,US PRESIDENT,"KERRY, JOHN",DEMOCRAT,FALSE,2479183,4839252,20210113,NA,DEMOCRAT
2004,MICHIGAN,MI,26,34,23,US PRESIDENT,"BUSH, GEORGE W.",REPUBLICAN,FALSE,2313746,4839252,20210113,NA,REPUBLICAN
2004,MICHIGAN,MI,26,34,23,US PRESIDENT,"NADER, RALPH",NO PARTY AFFILIATION,FALSE,24035,4839252,20210113,NA,OTHER
2004,MICHIGAN,MI,26,34,23,US PRESIDENT,"BADNARIK, MICHAEL",LIBERTARIAN,FALSE,10552,4839252,20210113,NA,LIBERTARIAN
2004,MICHIGAN,MI,26,34,23,US PRESIDENT,"COBB, DAVID",GREEN,FALSE,5325,4839252,20210113,NA,OTHER
2004,MICHIGAN,MI,26,34,23,US PRESIDENT,"PEROUTKA, MICHAEL",U.S. TAXPAYERS PARTY,FALSE,4980,4839252,20210113,NA,OTHER
2004,MICHIGAN,MI,26,34,23,US PRESIDENT,"BROWN, WALT",NATURAL LAW,FALSE,1431,4839252,20210113,NA,OTHER
2004,MINNESOTA,MN,27,41,33,US PRESIDENT,"KERRY, JOHN",DEMOCRATIC-FARMER-LABOR,FALSE,1445014,2828387,20210113,NA,DEMOCRAT
2004,MINNESOTA,MN,27,41,33,US PRESIDENT,"BUSH, GEORGE W.",REPUBLICAN,FALSE,1346695,2828387,20210113,NA,REPUBLICAN
2004,MINNESOTA,MN,27,41,33,US PRESIDENT,"NADER, RALPH",BETTER LIFE,FALSE,18683,2828387,20210113,NA,OTHER
2004,MINNESOTA,MN,27,41,33,US PRESIDENT,"BADNARIK, MICHAEL",LIBERTARIAN,FALSE,4639,2828387,20210113,NA,LIBERTARIAN
2004,MINNESOTA,MN,27,41,33,US PRESIDENT,"COBB, DAVID",GREEN,FALSE,4408,2828387,20210113,NA,OTHER
2004,MINNESOTA,MN,27,41,33,US PRESIDENT,"PEROUTKA, MICHAEL",CONSTITUTION PARTY,FALSE,3074,2828387,20210113,NA,OTHER
2004,MINNESOTA,MN,27,41,33,US PRESIDENT,OTHER,,TRUE,2532,2828387,20210113,NA,OTHER
2004,MINNESOTA,MN,27,41,33,US PRESIDENT,"HARENS, THOMAS",CHRISTIAN FREEDOM PARTY,FALSE,2387,2828387,20210113,NA,OTHER
2004,MINNESOTA,MN,27,41,33,US PRESIDENT,"VAN AUKEN, BILL",SOCIALIST EQUALITY PARTY,FALSE,539,2828387,20210113,NA,OTHER
2004,MINNESOTA,MN,27,41,33,US PRESIDENT,"CALERO, ROGER",SOCIALIST WORKERS,FALSE,416,2828387,20210113,NA,OTHER
2004,MISSISSIPPI,MS,28,64,46,US PRESIDENT,"BUSH, GEORGE W.",REPUBLICAN,FALSE,672660,1139824,20210113,NA,REPUBLICAN
2004,MISSISSIPPI,MS,28,64,46,US PRESIDENT,"KERRY, JOHN",DEMOCRAT,FALSE,457766,1139824,20210113,NA,DEMOCRAT
2004,MISSISSIPPI,MS,28,64,46,US PRESIDENT,"NADER, RALPH",REFORM PARTY,FALSE,3175,1139824,20210113,NA,OTHER
2004,MISSISSIPPI,MS,28,64,46,US PRESIDENT,"BADNARIK, MICHAEL",LIBERTARIAN,FALSE,1793,1139824,20210113,NA,LIBERTARIAN
2004,MISSISSIPPI,MS,28,64,46,US PRESIDENT,"PEROUTKA, MICHAEL",CONSTITUTION PARTY,FALSE,1758,1139824,20210113,NA,OTHER
2004,MISSISSIPPI,MS,28,64,46,US PRESIDENT,"CALERO, ROGER",INDEPENDENT,FALSE,1599,1139824,20210113,NA,OTHER
2004,MISSISSIPPI,MS,28,64,46,US PRESIDENT,"COBB, DAVID",GREEN,FALSE,1073,1139824,20210113,NA,OTHER
2004,MISSOURI,MO,29,43,34,US PRESIDENT,"BUSH, GEORGE W.",REPUBLICAN,FALSE,1455713,2731364,20210113,NA,REPUBLICAN
2004,MISSOURI,MO,29,43,34,US PRESIDENT,"KERRY, JOHN",DEMOCRAT,FALSE,1259171,2731364,20210113,NA,DEMOCRAT
2004,MISSOURI,MO,29,43,34,US PRESIDENT,"BADNARIK, MICHAEL",LIBERTARIAN,FALSE,9831,2731364,20210113,NA,LIBERTARIAN
2004,MISSOURI,MO,29,43,34,US PRESIDENT,"PEROUTKA, MICHAEL",CONSTITUTION PARTY,FALSE,5355,2731364,20210113,NA,OTHER
2004,MISSOURI,MO,29,43,34,US PRESIDENT,"NADER, RALPH",INDEPENDENT,TRUE,1294,2731364,20210113,NA,OTHER
2004,MONTANA,MT,30,81,64,US PRESIDENT,"BUSH, GEORGE W.",REPUBLICAN,FALSE,266063,450434,20210113,NA,REPUBLICAN
2004,MONTANA,MT,30,81,64,US PRESIDENT,"KERRY, JOHN",DEMOCRAT,FALSE,173710,450434,20210113,NA,DEMOCRAT
2004,MONTANA,MT,30,81,64,US PRESIDENT,"NADER, RALPH",INDEPENDENT,FALSE,6168,450434,20210113,NA,OTHER
2004,MONTANA,MT,30,81,64,US PRESIDENT,"PEROUTKA, MICHAEL",CONSTITUTION PARTY,FALSE,1764,450434,20210113,NA,OTHER
2004,MONTANA,MT,30,81,64,US PRESIDENT,"BADNARIK, MICHAEL",LIBERTARIAN,FALSE,1733,450434,20210113,NA,LIBERTARIAN
2004,MONTANA,MT,30,81,64,US PRESIDENT,"COBB, DAVID",GREEN,FALSE,996,450434,20210113,NA,OTHER
2004,NEBRASKA,NE,31,46,35,US PRESIDENT,"BUSH, GEORGE W.",REPUBLICAN,FALSE,512814,778186,20210113,NA,REPUBLICAN
2004,NEBRASKA,NE,31,46,35,US PRESIDENT,"KERRY, JOHN",DEMOCRAT,FALSE,254328,778186,20210113,NA,DEMOCRAT
2004,NEBRASKA,NE,31,46,35,US PRESIDENT,"NADER, RALPH",REFORM PARTY,FALSE,5780,778186,20210113,NA,OTHER
2004,NEBRASKA,NE,31,46,35,US PRESIDENT,"BADNARIK, MICHAEL",LIBERTARIAN,FALSE,2041,778186,20210113,NA,LIBERTARIAN
2004,NEBRASKA,NE,31,46,35,US PRESIDENT,OTHER,NEBRASKA PARTY,FALSE,1314,778186,20210113,NA,OTHER
2004,NEBRASKA,NE,31,46,35,US PRESIDENT,"COBB, DAVID",GREEN,FALSE,978,778186,20210113,NA,OTHER
2004,NEBRASKA,NE,31,46,35,US PRESIDENT,OTHER,,TRUE,931,778186,20210113,NA,OTHER
2004,NEVADA,NV,32,88,65,US PRESIDENT,"BUSH, GEORGE W.",REPUBLICAN,FALSE,418690,829587,20210113,NA,REPUBLICAN
2004,NEVADA,NV,32,88,65,US PRESIDENT,"KERRY, JOHN",DEMOCRAT,FALSE,397190,829587,20210113,NA,DEMOCRAT
2004,NEVADA,NV,32,88,65,US PRESIDENT,"NADER, RALPH",INDEPENDENT,FALSE,4838,829587,20210113,NA,OTHER
2004,NEVADA,NV,32,88,65,US PRESIDENT,OTHER,,FALSE,3688,829587,20210113,NA,OTHER
2004,NEVADA,NV,32,88,65,US PRESIDENT,"BADNARIK, MICHAEL",LIBERTARIAN,FALSE,3176,829587,20210113,NA,LIBERTARIAN
2004,NEVADA,NV,32,88,65,US PRESIDENT,"PEROUTKA, MICHAEL",INDEPENDENT AMERICAN,FALSE,1152,829587,20210113,NA,OTHER
2004,NEVADA,NV,32,88,65,US PRESIDENT,"COBB, DAVID",GREEN,FALSE,853,829587,20210113,NA,OTHER
2004,NEW HAMPSHIRE,NH,33,12,4,US PRESIDENT,"KERRY, JOHN",DEMOCRAT,FALSE,340511,678287,20210113,NA,DEMOCRAT
2004,NEW HAMPSHIRE,NH,33,12,4,US PRESIDENT,"BUSH, GEORGE W.",REPUBLICAN,FALSE,331237,678287,20210113,NA,REPUBLICAN
2004,NEW HAMPSHIRE,NH,33,12,4,US PRESIDENT,"NADER, RALPH",INDEPENDENT,FALSE,4479,678287,20210113,NA,OTHER
2004,NEW HAMPSHIRE,NH,33,12,4,US PRESIDENT,OTHER,,FALSE,1095,678287,20210113,NA,OTHER
2004,NEW HAMPSHIRE,NH,33,12,4,US PRESIDENT,OTHER,,TRUE,965,678287,20210113,NA,OTHER
2004,NEW JERSEY,NJ,34,22,12,US PRESIDENT,"KERRY, JOHN",DEMOCRAT,FALSE,1911430,3611691,20210113,NA,DEMOCRAT
2004,NEW JERSEY,NJ,34,22,12,US PRESIDENT,"BUSH, GEORGE W.",REPUBLICAN,FALSE,1670003,3611691,20210113,NA,REPUBLICAN
2004,NEW JERSEY,NJ,34,22,12,US PRESIDENT,OTHER,INDEPENDENT,FALSE,30258,3611691,20210113,NA,OTHER
2004,NEW MEXICO,NM,35,85,66,US PRESIDENT,"BUSH, GEORGE W.",REPUBLICAN,FALSE,376930,756304,20210113,NA,REPUBLICAN
2004,NEW MEXICO,NM,35,85,66,US PRESIDENT,"KERRY, JOHN",DEMOCRAT,FALSE,370942,756304,20210113,NA,DEMOCRAT
2004,NEW MEXICO,NM,35,85,66,US PRESIDENT,"NADER, RALPH",INDEPENDENT,FALSE,4053,756304,20210113,NA,OTHER
2004,NEW MEXICO,NM,35,85,66,US PRESIDENT,"BADNARIK, MICHAEL",LIBERTARIAN,FALSE,2382,756304,20210113,NA,LIBERTARIAN
2004,NEW MEXICO,NM,35,85,66,US PRESIDENT,"COBB, DAVID",GREEN,FALSE,1226,756304,20210113,NA,OTHER
2004,NEW MEXICO,NM,35,85,66,US PRESIDENT,"PEROUTKA, MICHAEL",CONSTITUTION PARTY,FALSE,771,756304,20210113,NA,OTHER
2004,NEW YORK,NY,36,21,13,US PRESIDENT,"KERRY, JOHN",DEMOCRAT,FALSE,4180755,7448266,20210113,NA,DEMOCRAT
2004,NEW YORK,NY,36,21,13,US PRESIDENT,"BUSH, GEORGE W.",REPUBLICAN,FALSE,2806993,7448266,20210113,NA,REPUBLICAN
2004,NEW YORK,NY,36,21,13,US PRESIDENT,"BUSH, GEORGE W.",CONSERVATIVE,FALSE,155574,7448266,20210113,NA,OTHER
2004,NEW YORK,NY,36,21,13,US PRESIDENT,"KERRY, JOHN",WORKING FAMILIES,FALSE,133525,7448266,20210113,NA,OTHER
2004,NEW YORK,NY,36,21,13,US PRESIDENT,"NADER, RALPH",INDEPENDENCE,FALSE,84247,7448266,20210113,NA,OTHER
2004,NEW YORK,NY,36,21,13,US PRESIDENT,BLANK VOTE/SCATTERING,,FALSE,57230,7448266,20210113,NA,OTHER
2004,NEW YORK,NY,36,21,13,US PRESIDENT,"NADER, RALPH",PEACE AND JUSTICE,FALSE,15626,7448266,20210113,NA,OTHER
2004,NEW YORK,NY,36,21,13,US PRESIDENT,"BADNARIK, MICHAEL",LIBERTARIAN,FALSE,11607,7448266,20210113,NA,LIBERTARIAN
2004,NEW YORK,NY,36,21,13,US PRESIDENT,"CALERO, ROGER",SOCIALIST WORKERS,FALSE,2405,7448266,20210113,NA,OTHER
2004,NEW YORK,NY,36,21,13,US PRESIDENT,OTHER,,TRUE,304,7448266,20210113,NA,OTHER
2004,NORTH CAROLINA,NC,37,56,47,US PRESIDENT,"BUSH, GEORGE W.",REPUBLICAN,FALSE,1961166,3501007,20210113,NA,REPUBLICAN
2004,NORTH CAROLINA,NC,37,56,47,US PRESIDENT,"KERRY, JOHN",DEMOCRAT,FALSE,1525849,3501007,20210113,NA,DEMOCRAT
2004,NORTH CAROLINA,NC,37,56,47,US PRESIDENT,"BADNARIK, MICHAEL",LIBERTARIAN,FALSE,11731,3501007,20210113,NA,LIBERTARIAN
2004,NORTH CAROLINA,NC,37,56,47,US PRESIDENT,OTHER,UNAFFILIATED,TRUE,2261,3501007,20210113,NA,OTHER
2004,NORTH DAKOTA,ND,38,44,36,US PRESIDENT,"BUSH, GEORGE W.",REPUBLICAN,FALSE,196651,312833,20210113,NA,REPUBLICAN
2004,NORTH DAKOTA,ND,38,44,36,US PRESIDENT,"KERRY, JOHN",DEMOCRAT,FALSE,111052,312833,20210113,NA,DEMOCRAT
2004,NORTH DAKOTA,ND,38,44,36,US PRESIDENT,"NADER, RALPH",INDEPENDENT,FALSE,3756,312833,20210113,NA,OTHER
2004,NORTH DAKOTA,ND,38,44,36,US PRESIDENT,"BADNARIK, MICHAEL",LIBERTARIAN,FALSE,851,312833,20210113,NA,LIBERTARIAN
2004,NORTH DAKOTA,ND,38,44,36,US PRESIDENT,"PEROUTKA, MICHAEL",CONSTITUTION PARTY,FALSE,514,312833,20210113,NA,OTHER
2004,NORTH DAKOTA,ND,38,44,36,US PRESIDENT,OTHER,,TRUE,9,312833,20210113,NA,OTHER
2004,OHIO,OH,39,31,24,US PRESIDENT,"BUSH, GEORGE W.",REPUBLICAN,FALSE,2859764,5627903,20210113,NA,REPUBLICAN
2004,OHIO,OH,39,31,24,US PRESIDENT,"KERRY, JOHN",DEMOCRAT,FALSE,2741165,5627903,20210113,NA,DEMOCRAT
2004,OHIO,OH,39,31,24,US PRESIDENT,OTHER,,FALSE,26616,5627903,20210113,NA,OTHER
2004,OHIO,OH,39,31,24,US PRESIDENT,OTHER,,TRUE,358,5627903,20210113,NA,OTHER
2004,OKLAHOMA,OK,40,73,53,US PRESIDENT,"BUSH, GEORGE W.",REPUBLICAN,FALSE,959792,1463758,20210113,NA,REPUBLICAN
2004,OKLAHOMA,OK,40,73,53,US PRESIDENT,"KERRY, JOHN",DEMOCRAT,FALSE,503966,1463758,20210113,NA,DEMOCRAT
2004,OREGON,OR,41,92,72,US PRESIDENT,"KERRY, JOHN",DEMOCRAT,FALSE,943163,1836782,20210113,NA,DEMOCRAT
2004,OREGON,OR,41,92,72,US PRESIDENT,"BUSH, GEORGE W.",REPUBLICAN,FALSE,866831,1836782,20210113,NA,REPUBLICAN
2004,OREGON,OR,41,92,72,US PRESIDENT,OTHER,,FALSE,8956,1836782,20210113,NA,OTHER
2004,OREGON,OR,41,92,72,US PRESIDENT,"BADNARIK, MICHAEL",LIBERTARIAN,FALSE,7260,1836782,20210113,NA,LIBERTARIAN
2004,OREGON,OR,41,92,72,US PRESIDENT,"COBB, DAVID",PACIFIC GREEN,FALSE,5315,1836782,20210113,NA,OTHER
2004,OREGON,OR,41,92,72,US PRESIDENT,"PEROUTKA, MICHAEL",CONSTITUTION PARTY,FALSE,5257,1836782,20210113,NA,OTHER
2004,PENNSYLVANIA,PA,42,23,14,US PRESIDENT,"KERRY, JOHN",DEMOCRAT,FALSE,2938095,5769590,20210113,NA,DEMOCRAT
2004,PENNSYLVANIA,PA,42,23,14,US PRESIDENT,"BUSH, GEORGE W.",REPUBLICAN,FALSE,2793847,5769590,20210113,NA,REPUBLICAN
2004,PENNSYLVANIA,PA,42,23,14,US PRESIDENT,"BADNARIK, MICHAEL",LIBERTARIAN,FALSE,21185,5769590,20210113,NA,LIBERTARIAN
2004,PENNSYLVANIA,PA,42,23,14,US PRESIDENT,"COBB, DAVID",GREEN,FALSE,6319,5769590,20210113,NA,OTHER
2004,PENNSYLVANIA,PA,42,23,14,US PRESIDENT,"PEROUTKA, MICHAEL",CONSTITUTION PARTY,FALSE,6318,5769590,20210113,NA,OTHER
2004,PENNSYLVANIA,PA,42,23,14,US PRESIDENT,"INDEPENDENT PARTY CANDIDATE,",INDEPENDENT,TRUE,2656,5769590,20210113,NA,OTHER
2004,PENNSYLVANIA,PA,42,23,14,US PRESIDENT,BLANK VOTE/SCATTERING,,FALSE,1170,5769590,20210113,NA,OTHER
2004,RHODE ISLAND,RI,44,15,5,US PRESIDENT,"KERRY, JOHN",DEMOCRAT,FALSE,259760,437134,20210113,NA,DEMOCRAT
2004,RHODE ISLAND,RI,44,15,5,US PRESIDENT,"BUSH, GEORGE W.",REPUBLICAN,FALSE,169046,437134,20210113,NA,REPUBLICAN
2004,RHODE ISLAND,RI,44,15,5,US PRESIDENT,"NADER, RALPH",REFORM PARTY,FALSE,4651,437134,20210113,NA,OTHER
2004,RHODE ISLAND,RI,44,15,5,US PRESIDENT,"COBB, DAVID",GREEN,FALSE,1333,437134,20210113,NA,OTHER
2004,RHODE ISLAND,RI,44,15,5,US PRESIDENT,"BADNARIK, MICHAEL",LIBERTARIAN,FALSE,907,437134,20210113,NA,LIBERTARIAN
2004,RHODE ISLAND,RI,44,15,5,US PRESIDENT,NONPARTISAN,NONPARTISAN,FALSE,845,437134,20210113,NA,OTHER
2004,RHODE ISLAND,RI,44,15,5,US PRESIDENT,"PEROUTKA, MICHAEL",CONSTITUTION PARTY,FALSE,339,437134,20210113,NA,OTHER
2004,RHODE ISLAND,RI,44,15,5,US PRESIDENT,WORKERS WORLD,WORKERS WORLD,FALSE,253,437134,20210113,NA,OTHER
2004,SOUTH CAROLINA,SC,45,57,48,US PRESIDENT,"BUSH, GEORGE W.",REPUBLICAN,FALSE,937974,1617700,20210113,NA,REPUBLICAN
2004,SOUTH CAROLINA,SC,45,57,48,US PRESIDENT,"KERRY, JOHN",DEMOCRAT,FALSE,661669,1617700,20210113,NA,DEMOCRAT
2004,SOUTH CAROLINA,SC,45,57,48,US PRESIDENT,"NADER, RALPH",INDEPENDENCE,FALSE,5520,1617700,20210113,NA,OTHER
2004,SOUTH CAROLINA,SC,45,57,48,US PRESIDENT,"PEROUTKA, MICHAEL",CONSTITUTION PARTY,FALSE,5317,1617700,20210113,NA,OTHER
2004,SOUTH CAROLINA,SC,45,57,48,US PRESIDENT,"BADNARIK, MICHAEL",LIBERTARIAN,FALSE,3608,1617700,20210113,NA,LIBERTARIAN
2004,SOUTH CAROLINA,SC,45,57,48,US PRESIDENT,"BROWN, WALT",UNITED CITIZENS,FALSE,2124,1617700,20210113,NA,OTHER
2004,SOUTH CAROLINA,SC,45,57,48,US PRESIDENT,"COBB, DAVID",GREEN,FALSE,1488,1617700,20210113,NA,OTHER
2004,SOUTH DAKOTA,SD,46,45,37,US PRESIDENT,"BUSH, GEORGE W.",REPUBLICAN,FALSE,232584,388215,20210113,NA,REPUBLICAN
2004,SOUTH DAKOTA,SD,46,45,37,US PRESIDENT,"KERRY, JOHN",DEMOCRAT,FALSE,149244,388215,20210113,NA,DEMOCRAT
2004,SOUTH DAKOTA,SD,46,45,37,US PRESIDENT,"NADER, RALPH",INDEPENDENT,FALSE,4320,388215,20210113,NA,OTHER
2004,SOUTH DAKOTA,SD,46,45,37,US PRESIDENT,"PEROUTKA, MICHAEL",CONSTITUTION PARTY,FALSE,1103,388215,20210113,NA,OTHER
2004,SOUTH DAKOTA,SD,46,45,37,US PRESIDENT,"BADNARIK, MICHAEL",LIBERTARIAN,FALSE,964,388215,20210113,NA,LIBERTARIAN
2004,TENNESSEE,TN,47,62,54,US PRESIDENT,"BUSH, GEORGE W.",REPUBLICAN,FALSE,1384375,2437319,20210113,NA,REPUBLICAN
2004,TENNESSEE,TN,47,62,54,US PRESIDENT,"KERRY, JOHN",DEMOCRAT,FALSE,1036477,2437319,20210113,NA,DEMOCRAT
2004,TENNESSEE,TN,47,62,54,US PRESIDENT,OTHER,INDEPENDENT,FALSE,16428,2437319,20210113,NA,OTHER
2004,TENNESSEE,TN,47,62,54,US PRESIDENT,OTHER,,TRUE,39,2437319,20210113,NA,OTHER
2004,TEXAS,TX,48,74,49,US PRESIDENT,"BUSH, GEORGE W.",REPUBLICAN,FALSE,4526917,7410749,20210113,NA,REPUBLICAN
2004,TEXAS,TX,48,74,49,US PRESIDENT,"KERRY, JOHN",DEMOCRAT,FALSE,2832704,7410749,20210113,NA,DEMOCRAT
2004,TEXAS,TX,48,74,49,US PRESIDENT,"BADNARIK, MICHAEL",LIBERTARIAN,FALSE,38787,7410749,20210113,NA,LIBERTARIAN
2004,TEXAS,TX,48,74,49,US PRESIDENT,OTHER,,TRUE,12341,7410749,20210113,NA,OTHER
2004,UTAH,UT,49,87,67,US PRESIDENT,"BUSH, GEORGE W.",REPUBLICAN,FALSE,663742,927844,20210113,NA,REPUBLICAN
2004,UTAH,UT,49,87,67,US PRESIDENT,"KERRY, JOHN",DEMOCRAT,FALSE,241199,927844,20210113,NA,DEMOCRAT
2004,UTAH,UT,49,87,67,US PRESIDENT,"NADER, RALPH",UNAFFILIATED,FALSE,11305,927844,20210113,NA,OTHER
2004,UTAH,UT,49,87,67,US PRESIDENT,"PEROUTKA, MICHAEL",CONSTITUTION PARTY,FALSE,6841,927844,20210113,NA,OTHER
2004,UTAH,UT,49,87,67,US PRESIDENT,"BADNARIK, MICHAEL",LIBERTARIAN,FALSE,3375,927844,20210113,NA,LIBERTARIAN
2004,UTAH,UT,49,87,67,US PRESIDENT,"JAY, CHARLES",PERSONAL CHOICE,FALSE,946,927844,20210113,NA,OTHER
2004,UTAH,UT,49,87,67,US PRESIDENT,"CALERO, ROGER",SOCIALIST WORKERS,FALSE,393,927844,20210113,NA,OTHER
2004,UTAH,UT,49,87,67,US PRESIDENT,OTHER,,TRUE,43,927844,20210113,NA,OTHER
2004,VERMONT,VT,50,13,6,US PRESIDENT,"KERRY, JOHN",DEMOCRAT,FALSE,184067,312309,20210113,NA,DEMOCRAT
2004,VERMONT,VT,50,13,6,US PRESIDENT,"BUSH, GEORGE W.",REPUBLICAN,FALSE,121180,312309,20210113,NA,REPUBLICAN
2004,VERMONT,VT,50,13,6,US PRESIDENT,"NADER, RALPH",INDEPENDENT,FALSE,4494,312309,20210113,NA,OTHER
2004,VERMONT,VT,50,13,6,US PRESIDENT,"BADNARIK, MICHAEL",LIBERTARIAN,FALSE,1102,312309,20210113,NA,LIBERTARIAN
2004,VERMONT,VT,50,13,6,US PRESIDENT,OTHER,,TRUE,957,312309,20210113,NA,OTHER
2004,VERMONT,VT,50,13,6,US PRESIDENT,"PARKER, JOHN",LIBERTY UNION PARTY,FALSE,265,312309,20210113,NA,OTHER
2004,VERMONT,VT,50,13,6,US PRESIDENT,"CALERO, ROGER",SOCIALIST WORKERS,FALSE,244,312309,20210113,NA,OTHER
2004,VIRGINIA,VA,51,54,40,US PRESIDENT,"BUSH, GEORGE W.",REPUBLICAN,FALSE,1716959,3195415,20210113,NA,REPUBLICAN
2004,VIRGINIA,VA,51,54,40,US PRESIDENT,"KERRY, JOHN",DEMOCRAT,FALSE,1454742,3195415,20210113,NA,DEMOCRAT
2004,VIRGINIA,VA,51,54,40,US PRESIDENT,"BADNARIK, MICHAEL",LIBERTARIAN,FALSE,11032,3195415,20210113,NA,LIBERTARIAN
2004,VIRGINIA,VA,51,54,40,US PRESIDENT,"PEROUTKA, MICHAEL",CONSTITUTION PARTY,FALSE,10161,3195415,20210113,NA,OTHER
2004,VIRGINIA,VA,51,54,40,US PRESIDENT,OTHER,,TRUE,2521,3195415,20210113,NA,OTHER
2004,WASHINGTON,WA,53,91,73,US PRESIDENT,"KERRY, JOHN",DEMOCRAT,FALSE,1510201,2859084,20210113,NA,DEMOCRAT
2004,WASHINGTON,WA,53,91,73,US PRESIDENT,"BUSH, GEORGE W.",REPUBLICAN,FALSE,1304894,2859084,20210113,NA,REPUBLICAN
2004,WASHINGTON,WA,53,91,73,US PRESIDENT,"NADER, RALPH",INDEPENDENT,FALSE,23283,2859084,20210113,NA,OTHER
2004,WASHINGTON,WA,53,91,73,US PRESIDENT,"BADNARIK, MICHAEL",LIBERTARIAN,FALSE,11955,2859084,20210113,NA,LIBERTARIAN
2004,WASHINGTON,WA,53,91,73,US PRESIDENT,"PEROUTKA, MICHAEL",CONSTITUTION PARTY,FALSE,3922,2859084,20210113,NA,OTHER
2004,WASHINGTON,WA,53,91,73,US PRESIDENT,"COBB, DAVID",GREEN,FALSE,2974,2859084,20210113,NA,OTHER
2004,WASHINGTON,WA,53,91,73,US PRESIDENT,"PARKER, JOHN",WORKERS WORLD,FALSE,1077,2859084,20210113,NA,OTHER
2004,WASHINGTON,WA,53,91,73,US PRESIDENT,"CALERO, ROGER",SOCIALIST WORKERS,FALSE,547,2859084,20210113,NA,OTHER
2004,WASHINGTON,WA,53,91,73,US PRESIDENT,"VAN AUKEN, BILL",SOCIALIST EQUALITY PARTY,FALSE,231,2859084,20210113,NA,OTHER
2004,WEST VIRGINIA,WV,54,55,56,US PRESIDENT,"BUSH, GEORGE W.",REPUBLICAN,FALSE,423778,755792,20210113,NA,REPUBLICAN
2004,WEST VIRGINIA,WV,54,55,56,US PRESIDENT,"KERRY, JOHN",DEMOCRAT,FALSE,326541,755792,20210113,NA,DEMOCRAT
2004,WEST VIRGINIA,WV,54,55,56,US PRESIDENT,"NADER, RALPH",INDEPENDENT,FALSE,4063,755792,20210113,NA,OTHER
2004,WEST VIRGINIA,WV,54,55,56,US PRESIDENT,"BADNARIK, MICHAEL",LIBERTARIAN,FALSE,1405,755792,20210113,NA,LIBERTARIAN
2004,WEST VIRGINIA,WV,54,55,56,US PRESIDENT,"COBB, DAVID",,TRUE,5,755792,20210113,NA,OTHER
2004,WISCONSIN,WI,55,35,25,US PRESIDENT,"KERRY, JOHN",DEMOCRAT,FALSE,1489504,2997007,20210113,NA,DEMOCRAT
2004,WISCONSIN,WI,55,35,25,US PRESIDENT,"BUSH, GEORGE W.",REPUBLICAN,FALSE,1478120,2997007,20210113,NA,REPUBLICAN
2004,WISCONSIN,WI,55,35,25,US PRESIDENT,"NADER, RALPH",INDEPENDENT,FALSE,17272,2997007,20210113,NA,OTHER
2004,WISCONSIN,WI,55,35,25,US PRESIDENT,"BADNARIK, MICHAEL",LIBERTARIAN,FALSE,6464,2997007,20210113,NA,LIBERTARIAN
2004,WISCONSIN,WI,55,35,25,US PRESIDENT,BLANK VOTE/SCATTERING,,FALSE,2986,2997007,20210113,NA,OTHER
2004,WISCONSIN,WI,55,35,25,US PRESIDENT,"COBB, DAVID",WISCONSIN GREEN,FALSE,2661,2997007,20210113,NA,OTHER
2004,WYOMING,WY,56,83,68,US PRESIDENT,"BUSH, GEORGE W.",REPUBLICAN,FALSE,167629,243861,20210113,NA,REPUBLICAN
2004,WYOMING,WY,56,83,68,US PRESIDENT,"KERRY, JOHN",DEMOCRAT,FALSE,70776,243861,20210113,NA,DEMOCRAT
2004,WYOMING,WY,56,83,68,US PRESIDENT,"NADER, RALPH",INDEPENDENT,FALSE,3372,243861,20210113,NA,OTHER
2004,WYOMING,WY,56,83,68,US PRESIDENT,"BADNARIK, MICHAEL",LIBERTARIAN,FALSE,1171,243861,20210113,NA,LIBERTARIAN
2004,WYOMING,WY,56,83,68,US PRESIDENT,OTHER,,TRUE,480,243861,20210113,NA,OTHER
2004,WYOMING,WY,56,83,68,US PRESIDENT,OTHER,,FALSE,433,243861,20210113,NA,OTHER
